{"sections":{"slideshow":{"type":"slideshow","blocks":{"slide_JL9jdY":{"type":"slide","settings":{"image":"shopify:\/\/shop_images\/5552446811.jpg","heading":"Check Our Exciting Accessories","heading_size":"h2","subheading":"","button_label":"Shop Now","link":"shopify:\/\/collections\/accessories","button_style_secondary":false,"box_align":"bottom-right","show_text_box":true,"text_alignment":"left","image_overlay_opacity":20,"color_scheme":"scheme-2","text_alignment_mobile":"left"}},"slide_xwmQWt":{"type":"slide","settings":{"image":"shopify:\/\/shop_images\/6819358344.jpg","heading":"Grab The Amazing Sneakers","heading_size":"h2","subheading":"","button_label":"Shop Now","link":"shopify:\/\/collections\/men-footwear","button_style_secondary":false,"box_align":"bottom-right","show_text_box":true,"text_alignment":"left","image_overlay_opacity":20,"color_scheme":"scheme-2","text_alignment_mobile":"left"}}},"block_order":["slide_JL9jdY","slide_xwmQWt"],"settings":{"layout":"grid","slide_height":"medium","slider_visual":"counter","auto_rotate":true,"change_slides_speed":3,"image_behavior":"none","show_text_below":true,"accessibility_info":""}},"collection_list_PXWnEe":{"type":"collection-list","blocks":{"featured_collection_BccLhG":{"type":"featured_collection","settings":{"collection":"home-decoration-essential"}},"featured_collection_z9FVLi":{"type":"featured_collection","settings":{"collection":"car-bike-accessories"}},"featured_collection_6rR7iR":{"type":"featured_collection","settings":{"collection":"outfits"}},"featured_collection_VeEVpn":{"type":"featured_collection","settings":{"collection":"electronics"}},"featured_collection_cDfQz7":{"type":"featured_collection","disabled":true,"settings":{"collection":""}},"featured_collection_9zUiBn":{"type":"featured_collection","settings":{"collection":"bags-accessories"}}},"block_order":["featured_collection_BccLhG","featured_collection_z9FVLi","featured_collection_6rR7iR","featured_collection_VeEVpn","featured_collection_cDfQz7","featured_collection_9zUiBn"],"settings":{"title":"","heading_size":"h2","image_ratio":"square","columns_desktop":5,"color_scheme":"scheme-2","show_view_all":false,"columns_mobile":"2","swipe_on_mobile":false,"padding_top":36,"padding_bottom":36}},"featured_collection_c7m7RV":{"type":"featured-collection","settings":{"title":"<strong>Home Decoration<\/strong>","heading_size":"h1","description":"","show_description":false,"description_style":"body","collection":"home-decoration-essential","products_to_show":8,"columns_desktop":4,"full_width":false,"show_view_all":true,"view_all_style":"solid","enable_desktop_slider":false,"color_scheme":"scheme-2","image_ratio":"adapt","image_shape":"default","show_secondary_image":false,"show_vendor":false,"show_rating":false,"quick_add":"none","columns_mobile":"2","swipe_on_mobile":false,"padding_top":36,"padding_bottom":36}},"featured_collection_i9p4Dy":{"type":"featured-collection","settings":{"title":"<strong>Car & Bike Accessories<\/strong>","heading_size":"h1","description":"","show_description":false,"description_style":"body","collection":"car-bike-accessories","products_to_show":8,"columns_desktop":4,"full_width":false,"show_view_all":true,"view_all_style":"solid","enable_desktop_slider":false,"color_scheme":"","image_ratio":"adapt","image_shape":"default","show_secondary_image":false,"show_vendor":false,"show_rating":false,"quick_add":"none","columns_mobile":"2","swipe_on_mobile":false,"padding_top":36,"padding_bottom":36}},"slideshow_wCPnpi":{"type":"slideshow","blocks":{"slide_JryrNb":{"type":"slide","settings":{"image":"shopify:\/\/shop_images\/4381925037.jpg","heading":"Check Our Lavish Accessories!","heading_size":"h1","subheading":"","button_label":"Shop Now","link":"shopify:\/\/collections\/accessories","button_style_secondary":false,"box_align":"bottom-right","show_text_box":true,"text_alignment":"left","image_overlay_opacity":20,"color_scheme":"scheme-2","text_alignment_mobile":"left"}},"slide_herrad":{"type":"slide","settings":{"image":"shopify:\/\/shop_images\/5792057454.jpg","heading":"Checkout The Stylish Sendals","heading_size":"h2","subheading":"","button_label":"Shop Now","link":"shopify:\/\/products\/kiravi-back-closed-buckle-white-sandals","button_style_secondary":false,"box_align":"bottom-right","show_text_box":true,"text_alignment":"left","image_overlay_opacity":20,"color_scheme":"scheme-2","text_alignment_mobile":"left"}}},"block_order":["slide_JryrNb","slide_herrad"],"settings":{"layout":"grid","slide_height":"medium","slider_visual":"counter","auto_rotate":true,"change_slides_speed":3,"image_behavior":"none","show_text_below":true,"accessibility_info":""}},"featured_collection_j7FCbp":{"type":"featured-collection","settings":{"title":"<strong>Outfits<\/strong>","heading_size":"h1","description":"","show_description":false,"description_style":"body","collection":"outfits","products_to_show":8,"columns_desktop":4,"full_width":false,"show_view_all":true,"view_all_style":"solid","enable_desktop_slider":false,"color_scheme":"","image_ratio":"adapt","image_shape":"default","show_secondary_image":false,"show_vendor":false,"show_rating":false,"quick_add":"none","columns_mobile":"2","swipe_on_mobile":false,"padding_top":36,"padding_bottom":36}},"featured_collection_4RKNF7":{"type":"featured-collection","settings":{"title":"Bags & Accessories","heading_size":"h1","description":"","show_description":false,"description_style":"body","collection":"bags-accessories","products_to_show":4,"columns_desktop":4,"full_width":false,"show_view_all":true,"view_all_style":"solid","enable_desktop_slider":false,"color_scheme":"","image_ratio":"adapt","image_shape":"default","show_secondary_image":false,"show_vendor":false,"show_rating":false,"quick_add":"none","columns_mobile":"2","swipe_on_mobile":false,"padding_top":36,"padding_bottom":36}},"multicolumn_C3g7cd":{"type":"multicolumn","blocks":{"column_JYNgrc":{"type":"column","settings":{"image":"shopify:\/\/shop_images\/affordable.png","title":"<strong>Shop Now for Budget-Friendly Options!<\/strong>","text":"","link_label":"","link":""}},"column_hJh89e":{"type":"column","settings":{"image":"shopify:\/\/shop_images\/delivery.png","title":"<strong>Experience Fast & Free Shipping on Every Order!<\/strong>","text":"","link_label":"","link":""}},"column_pgjLfV":{"type":"column","settings":{"image":"shopify:\/\/shop_images\/cod.png","title":"<strong>Convenient Cash on Delivery Available Now!<\/strong>","text":"","link_label":"","link":""}},"column_n8fBdh":{"type":"column","settings":{"image":"shopify:\/\/shop_images\/time.png","title":"<strong>Unlock Unlimited Support with our 24\/7 Customer Service!<\/strong>","text":"","link_label":"","link":""}}},"block_order":["column_JYNgrc","column_hJh89e","column_pgjLfV","column_n8fBdh"],"settings":{"title":"Why Choose Tech Bazar? Find out Here.","heading_size":"h0","image_width":"full","image_ratio":"adapt","columns_desktop":4,"column_alignment":"left","background_style":"primary","button_label":"","button_link":"","color_scheme":"scheme-2","columns_mobile":"1","swipe_on_mobile":true,"padding_top":36,"padding_bottom":36}}},"order":["slideshow","collection_list_PXWnEe","featured_collection_c7m7RV","featured_collection_i9p4Dy","slideshow_wCPnpi","featured_collection_j7FCbp","featured_collection_4RKNF7","multicolumn_C3g7cd"]}