{"sections":{"slideshow":{"type":"slideshow","settings":{"layout":"full_bleed","slide_height":"small","slider_visual":"counter","auto_rotate":false,"change_slides_speed":5,"image_behavior":"none","show_text_below":true,"accessibility_info":"Slideshow about our brand"}},"main":{"type":"main-list-collections","settings":{"title":"","sort":"alphabetical","image_ratio":"portrait","columns_desktop":6,"columns_mobile":"2"}},"rich-text-1":{"type":"rich-text","settings":{"desktop_content_position":"center","content_alignment":"center","color_scheme":"scheme-1","full_width":true,"padding_top":0,"padding_bottom":60}}},"order":["slideshow","main","rich-text-1"]}