{"layout":"password","sections":{"main":{"type":"email-signup-banner","blocks":{"heading":{"type":"heading","settings":{"heading":"Ready To Buy Exiting Products","heading_size":"h1"}},"paragraph":{"type":"paragraph","settings":{"text":"<h5>BE READY TO KNOW ABOUT OUR AMAZING PRODUCTS<\/h5>","text_style":"body"}},"email_form":{"type":"email_form","settings":{}}},"block_order":["heading","paragraph","email_form"],"settings":{"image":"shopify:\/\/shop_images\/8257603048.jpg","image_overlay_opacity":0,"show_background_image":true,"image_height":"adapt-image","desktop_content_position":"bottom-right","show_text_box":true,"desktop_content_alignment":"center","color_scheme":"scheme-2","mobile_content_alignment":"center","show_text_below":true}}},"order":["main"]}