{"name":"t:sections.footer.name","type":"footer","sections":{"footer":{"type":"footer","blocks":{"link_list_peKQjn":{"type":"link_list","settings":{"heading":"Quick links","menu":"footer"}}},"block_order":["link_list_peKQjn"],"settings":{"color_scheme":"scheme-3","newsletter_enable":false,"newsletter_heading":"BE READY TO KNOW ABOUT OUR AMAZING PRODUCTS","enable_follow_on_shop":false,"show_social":false,"enable_country_selector":false,"enable_language_selector":false,"payment_enable":false,"show_policy":false,"margin_top":0,"padding_top":44,"padding_bottom":60}}},"order":["footer"]}